{"rollout/ep_len_mean":500,"time/train_sec":0.8857510089874268,"rollout/ep_rew_mean":-1379.5120849609375,"train/loss":90.80672454833984,"rollout/ep_len_max":500,"train/clip_fraction":0,"_runtime":68.650896,"rollout/ep_len_min":500,"_step":10000,"time/collect_sec":0.5205056667327881,"video":{"path":"media/videos/video_10000_9a9115f4366d4bf50ef6.mp4","width":800,"height":800,"_type":"video-file","sha256":"9a9115f4366d4bf50ef6dd24802f0b6302a0ada1b79b45ea3aef8ace295fe000","size":301872},"video/episode_length":500,"train/loss_critic":53.29753112792969,"time/fps":960.6043352774581,"train/explained_variance":0.0061574578285217285,"train/lr":0.0003,"train/loss_objective":37.515235900878906,"train/entropy":1.2085870504379272,"video/episode_reward":-1664.6801040822174,"train/kl_approx":0.0038070431910455227,"_wandb":{"runtime":68},"train/std":1.0083738565444946,"rollout/step_rew_mean":-2.759023904800415,"time/total_sec":1.4083409309387207,"_timestamp":1.762988964277447e+09,"train/loss_entropy":-0.006042934954166412}